Old_INDUSTRY_SECTOR,Old_BICS Code,Old_INDUSTRY_GROUP,Old_BICS Code,Old_INDUSTRY_SUBGROUP,NEW_BICS Code,NEW_Industry Name,NEW_Level,NEW_BICS Code,NEW_Industry Name,NEW_Level,NEW_BICS Code
Communications,20014,Advertising,321,Advertising Agencies,3116,Advertising & Marketing,2,,,,
,,,322,Advertising Services,3116,Advertising & Marketing,2,,,,
,,,19,Advertising Sales,3116,Advertising & Marketing,2,,,,
,,,323,Direct Marketing,3116,Advertising & Marketing,2,,,,
,20016,Media,45,Cable/Satellite TV,3110,Cable & Satellite,2,,,,
,,,307,Multimedia,3114,Entertainment Content,2,,,,
,,,337,Broadcast Serv/Program,3114,Entertainment Content,2,,,,
,,,47,Publishing-Books,3115,Publishing & Broadcasting,2,,,,
,,,48,Publishing-Newspapers,3115,Publishing & Broadcasting,2,,,,
,,,49,Publishing-Periodicals,3115,Publishing & Broadcasting,2,,,,
,,,44,Television,3115,Publishing & Broadcasting,2,,,,
,,,50,Radio,3115,Publishing & Broadcasting,2,,,,
,20015,Internet,689,E-Marketing/Info,3116,Advertising & Marketing,2,,,,
,,,681,Internet Telephony,3111,Wireline Telecommunications Services,2,,,,
,,,707,Internet Connectiv Svcs,3111,Wireline Telecommunications Services,2,,,,
,,,705,B2B/E-Commerce,3112,Internet Media,2,,,,
,,,678,E-Commerce/Services,3112,Internet Media,2,,,,
,,,692,Web Hosting/Design,3112,Internet Media,2,,,,
,,,684,Web Portals/ISP,3112,Internet Media,2,,,,
,,,708,Internet Content-Entmnt,3112,Internet Media,2,,,,
,,,680,Internet Content-Info/Ne,3112,Internet Media,2,,,,
,,,677,E-Commerce/Products,3212,Retail - Consumer Discretionary,2,,,,
,,,687,Internet Incubators,3516,Financial Services,2,,,,
,,,667,Internet Brokers,3516,Financial Services,2,,,,
,,,710,Internet Infrastr Equip,3811,Communications Equipment,2,,,,
,,,706,Internet Applic Sftwr,3812,Software & Services,2,,,,
,,,711,Internet Infrastr Sftwr,3812,Software & Services,2,,,,
,,,691,Internet Security,3812,Software & Services,2,,,,
,,,688,E-Services/Consulting,3812,Software & Services,2,3112,Internet Media,2,
,,,709,Internet Financial Svcs,3812,Software & Services,2,,,,
,20017,Telecommunications,259,Cellular Telecom,3113,Wireless Telecommunications Services,2,,,,
,,,431,Satellite Telecom,3113,Wireless Telecommunications Services,2,,,,
,,,260,Telecom Services,3111,Wireline Telecommunications Services,2,,,,
,,,300,Telephone-Integrated,3111,Wireline Telecommunications Services,2,,,,
,,,359,Networking Products,3811,Communications Equipment,2,,,,
,,,262,Telecommunication Equip,3811,Communications Equipment,2,,,,
,,,432,Wireless Equipment,3811,Communications Equipment,2,,,,
,,,261,Telecom Eq Fiber Optics,3811,Communications Equipment,2,,,,
"Consumer, Cyclical",20019,Apparel,21,Apparel Manufacturers,3219,Apparel & Textile Products,2,,,,
,,,642,Intimate Apparel,3219,Apparel & Textile Products,2,,,,
,,,324,Athletic Footwear,3219,Apparel & Textile Products,2,,,,
,,,22,Footwear&Related Apparel,3219,Apparel & Textile Products,2,,,,
,,,23,Textile-Apparel,3219,Apparel & Textile Products,2,,,,
,20033,Textiles,298,Tannery,3219,Apparel & Textile Products,2,,,,
,,,76,Wool,3219,Apparel & Textile Products,2,,,,
,,,73,Linen Supply&Rel Items,3219,Apparel & Textile Products,2,,,,
,,,74,Textile-Home Furnishings,3219,Apparel & Textile Products,2,,,,
,,,75,Textile-Products,3219,Apparel & Textile Products,2,,,,
,20020,Auto Manufacturers,25,Auto-Cars/Light Trucks,3211,Automobiles Manufacturing,2,,,,
,,,26,Auto-Med&Heavy Duty Trks,3712,Transportation & Logistics,2,,,,
,,,27,Auto-Truck Trailers,3712,Transportation & Logistics,2,,,,
,20021,Auto Parts&Equipment,28,Auto/Trk Prts&Equip-Orig,3230,Auto Parts Manufacturing,2,,,,
,,,29,Auto/Trk Prts&Equip-Repl,3230,Auto Parts Manufacturing,2,,,,
,,,30,Rubber-Tires,3230,Auto Parts Manufacturing,2,,,,
,20025,Home Builders,33,Bldg-Residential/Commer,3217,Homebuilders,2,,,,
,,,32,Bldg-Mobil Home/Mfd Hous,3217,Homebuilders,2,,,,
,20026,Home Furnishings,35,Appliances,3218,Home Improvement,2,,,,
,,,38,Home Furnishings,3225,Home & Office Products Manufacturing,2,,,,
,,,37,Audio/Video Products,3810,Hardware,2,,,,
,20027,Housewares,231,Housewares,3225,Home & Office Products Manufacturing,2,,,,
,,,292,Crystal&Giftware,3225,Home & Office Products Manufacturing,2,,,,
,,,226,Garden Products,3225,Home & Office Products Manufacturing,2,,,,
,,,293,Home Decoration Products,3225,Home & Office Products Manufacturing,2,,,,
,20030,Office Furnishings,254,Office Furnishings-Orig,3225,Home & Office Products Manufacturing,2,,,,
,20034,Toys/Games/Hobbies,338,Collectibles,3210,Leisure Products Manufacturing,2,,,,
,,,77,Toys,3210,Leisure Products Manufacturing,2,,,,
,20028,Leisure Time,342,Motorcycle/Motor Scooter,3211,Automobiles Manufacturing,2,,,,
,,,325,Recreational Vehicles,3210,Leisure Products Manufacturing,2,,,,
,,,222,Bicycle Manufacturing,3210,Leisure Products Manufacturing,2,,,,
,,,335,Golf,3210,Leisure Products Manufacturing,2,,,,
,,,333,Athletic Equipment,3210,Leisure Products Manufacturing,2,,,,
,,,40,Leisure&Rec Products,3210,Leisure Products Manufacturing,2,,,,
,,,334,Cruise Lines,3216,Travel & Lodging,2,,,,
,,,336,Travel Services,3227,Entertainment Resources,2,,,,
,,,704,Leisure&Rec/Games,3227,Entertainment Resources,2,,,,
,,,41,Recreational Centers,3227,Entertainment Resources,2,,,,
,20023,Entertainment,42,Motion Pictures&Services,3114,Entertainment Content,2,,,,
,,,694,Music,3114,Entertainment Content,2,,,,
,,,328,Gambling (Non-Hotel),3214,Casinos & Gaming,2,,,,
,,,327,Casino Services,3214,Casinos & Gaming,2,,,,
,,,696,Internet Gambling,3214,Casinos & Gaming,2,,,,
,,,329,Lottery Services,3214,Casinos & Gaming,2,,,,
,,,330,Racetracks,3214,Casinos & Gaming,2,,,,
,,,700,Night Clubs,3227,Entertainment Resources,2,,,,
,,,331,Resorts/Theme Parks,3227,Entertainment Resources,2,,,,
,,,332,Theaters,3227,Entertainment Resources,2,,,,
,,,290,Professional Sports,3227,Entertainment Resources,2,,,,
,20024,Food Service,53,Food-Catering,3228,Consumer Services,2,,,,
,20029,Lodging,326,Casino Hotels,3214,Casinos & Gaming,2,,,,
,,,43,Hotels&Motels,3216,Travel & Lodging,2,,,,
,20018,Airlines,20,Airlines,3213,Airlines,2,,,,
,20022,Distribution/Wholesale,51,Distribution/Wholesale,3229,Distributors - Consumer Discretionary,2,,,,
,,,661,Import/Export,3229,Distributors - Consumer Discretionary,2,,,,
,20031,Retail,346,Retail-Hair Salons,3228,Consumer Services,2,,,,
,,,56,Film Processing,3228,Consumer Services,2,,,,
,,,373,Retail-Photo Studio,3228,Consumer Services,2,,,,
,,,64,Retail-Restaurants,3215,Restaurants,2,,,,
,,,421,Retail-Pubs,3215,Restaurants,2,,,,
,,,54,Retail-Auto Parts,3212,Retail - Consumer Discretionary,2,,,,
,,,277,Retail-Automobile,3212,Retail - Consumer Discretionary,2,,,,
,,,59,Retail-Catalog Shopping,3212,Retail - Consumer Discretionary,2,,,,
,,,67,Retail-Mail Order,3212,Retail - Consumer Discretionary,2,,,,
,,,57,Multilevel Dir Selling,3212,Retail - Consumer Discretionary,2,,,,
,,,364,Retail-Computer Equip,3212,Retail - Consumer Discretionary,2,,,,
,,,60,Retail-Consumer Electron,3212,Retail - Consumer Discretionary,2,,,,
,,,36,Retail-Appliances,3212,Retail - Consumer Discretionary,2,,,,
,,,68,Retail-Major Dept Store,3231,Department Stores,2,,,,
,,,70,Retail-Regnl Dept Store,3231,Department Stores,2,,,,
,,,55,Retail-Building Products,3212,Retail - Consumer Discretionary,2,,,,
,,,365,Retail-Cutlery&Cookware,3212,Retail - Consumer Discretionary,2,,,,
,,,362,Retail-Bedding,3212,Retail - Consumer Discretionary,2,,,,
,,,65,Retail-Home Furnishings,3212,Retail - Consumer Discretionary,2,,,,
,,,278,Retail-Gardening Prod,3212,Retail - Consumer Discretionary,2,,,,
,,,367,Retail-Floor Coverings,3212,Retail - Consumer Discretionary,2,,,,
,,,66,Retail-Jewelry,3212,Retail - Consumer Discretionary,2,,,,
,,,58,Retail-Apparel/Shoe,3212,Retail - Consumer Discretionary,2,,,,
,,,375,Retail-Sporting Goods,3212,Retail - Consumer Discretionary,2,,,,
,,,275,Retail-Leisure Products,3212,Retail - Consumer Discretionary,2,,,,
,,,69,Retail-Misc/Diversified,3212,Retail - Consumer Discretionary,2,,,,
,,,370,Retail-Pawn Shops,3212,Retail - Consumer Discretionary,2,,,,
,,,366,Retail-Fabric Store,3212,Retail - Consumer Discretionary,2,,,,
,,,374,Retail-Science&Nature,3212,Retail - Consumer Discretionary,2,,,,
,,,361,Retail-Arts&Crafts,3212,Retail - Consumer Discretionary,2,,,,
,,,363,Retail-Bookstore,3212,Retail - Consumer Discretionary,2,,,,
,,,371,Retail-Perfume&Cosmetics,3212,Retail - Consumer Discretionary,2,,,,
,,,381,Retail-Vitamins/Nutr Sup,3212,Retail - Consumer Discretionary,2,,,,
,,,377,Retail-Toy Store,3212,Retail - Consumer Discretionary,2,,,,
,,,379,Retail-Video Rental,3212,Retail - Consumer Discretionary,2,,,,
,,,368,Retail-Music Store,3212,Retail - Consumer Discretionary,2,,,,
,,,369,Retail-Office Supplies,3212,Retail - Consumer Discretionary,2,,,,
,,,376,Retail-Sunglasses,3212,Retail - Consumer Discretionary,2,,,,
,,,380,Retail-Vision Serv Cntr,3212,Retail - Consumer Discretionary,2,,,,
,,,372,Retail-Pet Food&Supplies,3212,Retail - Consumer Discretionary,2,,,,
,,,183,Retail-Hypermarkets,3312,Supermarkets & Pharmacies,2,,,,
,,,61,Retail-Convenience Store,3312,Supermarkets & Pharmacies,2,,,,
,,,62,Retail-Discount,3315,Mass Merchants,2,,,,
,,,378,Retail-Variety Store,3315,Mass Merchants,2,,,,
,,,63,Retail-Drug Store,3312,Supermarkets & Pharmacies,2,,,,
,,,279,Retail-Petroleum Prod,3414,Refining & Marketing,2,,,,
,,,437,Retail-Propane Distrib,3910,Utilities,2,,,,
,20032,Storage/Warehousing,72,Storage/Warehousing,3712,Transportation & Logistics,2,,,,
"Consumer, Non-cyclical",20035,Agriculture,289,Bloodstock Services,3314,Food & Beverage,2,,,,
,,,79,Pastoral&Agricultural,3314,Food & Beverage,2,,,,
,,,78,Agricultural Operations,3314,Food & Beverage,2,,,,
,,,132,Tobacco,3310,Tobacco,2,,,,
,20040,Food,103,Food-Baking,3314,Food & Beverage,2,,,,
,,,108,Food-Flour&Grain,3314,Food & Beverage,2,,,,
,,,106,Food-Dairy Products,3314,Food & Beverage,2,,,,
,,,104,Food-Canned,3314,Food & Beverage,2,,,,
,,,109,Food-Meat Products,3314,Food & Beverage,2,,,,
,,,105,Food-Confectionery,3314,Food & Beverage,2,,,,
,,,110,Food-Misc/Diversified,3314,Food & Beverage,2,,,,
,,,113,Food-Wholesale/Distrib,3311,Retail - Consumer Staples,2,,,,
,,,102,Fisheries,3314,Food & Beverage,2,,,,
,,,114,Poultry,3314,Food & Beverage,2,,,,
,,,115,Sugar,3314,Food & Beverage,2,,,,
,,,111,Food-Retail,3312,Supermarkets & Pharmacies,2,,,,
,20036,Beverages,167,Beverages-Wine/Spirits,3314,Food & Beverage,2,,,,
,,,80,Brewery,3314,Food & Beverage,2,,,,
,,,81,Beverages-Non-alcoholic,3314,Food & Beverage,2,,,,
,,,82,Coffee,3314,Food & Beverage,2,,,,
,,,339,Tea,3314,Food & Beverage,2,,,,
,20039,Cosmetics/Personal Care,100,Cosmetics&Toiletries,3313,Consumer Products,2,,,,
,20043,Household Products/Wares,255,Office Supplies&Forms,3225,Home & Office Products Manufacturing,2,,,,
,,,125,Soap&Cleaning Prepar,3313,Consumer Products,2,,,,
,,,124,Consumer Products-Misc,3313,Consumer Products,2,,,,
,20041,Healthcare-Products,430,Feminine Health Care Prd,3313,Consumer Products,2,,,,
,,,117,Medical Products,3611,Medical Equipment & Devices Manufacturing,2,,,,
,,,122,Optical Supplies,3611,Medical Equipment & Devices Manufacturing,2,,,,
,,,396,Medical Steriliz Product,3611,Medical Equipment & Devices Manufacturing,2,,,,
,,,388,Disposable Medical Prod,3611,Medical Equipment & Devices Manufacturing,2,,,,
,,,390,Healthcare Safety Device,3611,Medical Equipment & Devices Manufacturing,2,,,,
,,,401,Respiratory Products,3611,Medical Equipment & Devices Manufacturing,2,,,,
,,,385,Diagnostic Equipment,3611,Medical Equipment & Devices Manufacturing,2,,,,
,,,386,Diagnostic Kits,3611,Medical Equipment & Devices Manufacturing,2,,,,
,,,389,Drug Detection Systems,3611,Medical Equipment & Devices Manufacturing,2,,,,
,,,384,Breast Cancer Detection,3611,Medical Equipment & Devices Manufacturing,2,,,,
,,,391,Heart Monitors,3611,Medical Equipment & Devices Manufacturing,2,,,,
,,,392,Hospital Beds/Equipment,3611,Medical Equipment & Devices Manufacturing,2,,,,
,,,395,Medical Laser Systems,3611,Medical Equipment & Devices Manufacturing,2,,,,
,,,399,Patient Monitoring Equip,3611,Medical Equipment & Devices Manufacturing,2,,,,
,,,129,Dental Supplies&Equip,3611,Medical Equipment & Devices Manufacturing,2,,,,
,,,403,X-Ray Equipment,3611,Medical Equipment & Devices Manufacturing,2,,,,
,,,397,MRI Equipment,3611,Medical Equipment & Devices Manufacturing,2,,,,
,,,402,Ultra Sound Imaging Sys,3611,Medical Equipment & Devices Manufacturing,2,,,,
,,,393,Medical Imaging Systems,3611,Medical Equipment & Devices Manufacturing,2,,,,
,,,116,Medical Instruments,3611,Medical Equipment & Devices Manufacturing,2,,,,
,20042,Healthcare-Services,400,Phys Therapy/Rehab Cntrs,3612,Health Care Facilities & Services,2,,,,
,,,119,Medical-Hospitals,3612,Health Care Facilities & Services,2,,,,
,,,120,Medical-Nursing Homes,3612,Health Care Facilities & Services,2,,,,
,,,123,Retirement/Aged Care,3612,Health Care Facilities & Services,2,,,,
,,,387,Dialysis Centers,3612,Health Care Facilities & Services,2,,,,
,,,653,Phys Practice Mgmnt,3612,Health Care Facilities & Services,2,,,,
,,,394,Medical Labs&Testing Srv,3612,Health Care Facilities & Services,2,,,,
,,,398,MRI/Medical Diag Imaging,3612,Health Care Facilities & Services,2,,,,
,,,121,Medical-Outptnt/Home Med,3612,Health Care Facilities & Services,2,,,,
,,,383,Blood Collection Banking,3612,Health Care Facilities & Services,2,,,,
,,,118,Medical-HMO,3615,Managed Care,2,,,,
,20037,Biotechnology,343,Agricultural Biotech,3013,Chemicals,2,,,,
,,,252,Medical-Biomedical/Gene,3610,Biotechnology,2,,,,
,20044,Pharmaceuticals,126,Medical-Drugs,3613,Pharmaceuticals,2,,,,
,,,406,Therapeutics,3613,Pharmaceuticals,2,,,,
,,,404,Drug Delivery Systems,3613,Pharmaceuticals,2,,,,
,,,130,Veterinary Diagnostics,3613,Pharmaceuticals,2,,,,
,,,131,Veterinary Products,3613,Pharmaceuticals,2,,,,
,,,407,Vitamins&Nutrition Prod,3613,Pharmaceuticals,2,,,,
,,,408,Wound/Burn & Skin Care,3613,Pharmaceuticals,2,,,,
,,,127,Medical-Generic Drugs,3613,Pharmaceuticals,2,,,,
,,,128,Medical-Whsle Drug Dist,3612,Health Care Facilities & Services,2,,,,
,,,405,Pharmacy Services,3612,Health Care Facilities & Services,2,,,,
,20038,Commercial Services,83,Building-Maint&Service,3228,Consumer Services,2,,,,
,,,46,Printing-Commercial,3228,Consumer Services,2,,,,
,,,296,Consulting Services,3228,Consumer Services,2,,,,
,,,88,Human Resources,3228,Consumer Services,2,,,,
,,,96,Security Services,3228,Consumer Services,2,,,,
,,,636,Private Corrections,3228,Consumer Services,2,,,,
,,,91,Protection-Safety,3228,Consumer Services,2,,,,
,,,84,Commercial Services,3228,Consumer Services,2,,,,
,,,288,Auction House/Art Dealer,3228,Consumer Services,2,,,,
,,,446,Interior Design/Architec,3228,Consumer Services,2,,,,
,,,85,Divers Oper/Commer Serv,,,,,,,
,,,86,Rental Auto/Equipment,3228,Consumer Services,2,3212,Retail - Consumer Discretionary,2,
,,,95,Schools,3226,Educational Services,2,,,,
,,,641,Schools-Day Care,3226,Educational Services,2,,,,
,,,87,Funeral Serv&Rel Items,3228,Consumer Services,2,,,,
,,,655,Non-Profit Charity,3228,Consumer Services,2,,,,
,,,295,Auto Repair Centers,3212,Retail - Consumer Discretionary,2,,,,
,,,280,Commercial Serv-Finance,3228,Consumer Services,2,,,,
,,,382,Workers Comp/Injury Serv,3514,Property & Casualty Insurance,2,,,,
,,,344,Extended Serv Contracts,3514,Property & Casualty Insurance,2,,,,
,,,94,Research&Development,3612,Health Care Facilities & Services,2,,,,
,,,345,Health Care Cost Contain,3615,Managed Care,2,,,,
,,,297,Public Thoroughfares,3716,Industrial Other,2,3712,Transportation & Logistics,2,
,,,97,Stevedoring,3712,Transportation & Logistics,2,,,,
,,,99,Whsing&Harbor Trans Serv,3712,Transportation & Logistics,2,,,,
,,,90,Marine Services,3712,Transportation & Logistics,2,,,,
,,,441,Traffic Management Sys,3810,Hardware,2,,,,
,,,645,Inactive/Unknown,Not Available,,,,,,
Energy,20048,Oil&Gas,136,Oil Comp-Integrated,3410,Integrated Oils,2,,,,
,,,135,Oil Comp-Explor&Prodtn,3412,Exploration & Production,2,,,,
,,,141,Oil-US Royalty Trusts,3412,Exploration & Production,2,,,,
,,,138,Oil Refining&Marketing,3414,Refining & Marketing,2,,,,
,,,137,Oil&Gas Drilling,3413,Oil & Gas Services & Equipment,2,,,,
,20050,Pipelines,144,Pipelines,3415,Pipeline,2,,,,
,20049,Oil&Gas Services,142,Oil-Field Services,3413,Oil & Gas Services & Equipment,2,,,,
,,,143,Oil Field Mach&Equip,3413,Oil & Gas Services & Equipment,2,,,,
,,,498,Seismic Data Collection,3413,Oil & Gas Services & Equipment,2,,,,
,20046,Coal,134,Coal,3416,Coal Operations,2,,,,
,20047,Energy-Alternate Sources,268,Energy-Alternate Sources,3411,Renewable Energy,2,,,,
Diversified,20045,Holding Companies-Divers,133,Diversified Operations,,,,,,,
,,,308,Specified Purpose Acquis,3516,Financial Services,2,,,,
Financial,20056,Investment Companies,702,Capital Pools,3516,Financial Services,2,,,,
,,,436,Invest Comp - Resources,3516,Financial Services,2,,,,
,,,664,Internet Investment,3516,Financial Services,2,,,,
,,,168,Investment Companies,3516,Financial Services,2,,,,
,20060,Private Equity,988,Private Equity,3516,Financial Services,2,,,,
,,,184,Venture Capital,3516,Financial Services,2,,,,
,20052,Closed-end Funds,155,Closed-end Funds,3517,Funds & Trusts,2,,,,
,20053,Country Funds-Closed-end,156,Finance-Investment Fund,3517,Funds & Trusts,2,,,,
,20051,Banks,713,Diversified Banking Inst,3518,Diversified Banks,2,,,,
,,,675,Commer Banks Non-US,3510,Banks,2,,,,
,,,148,Commer Banks-Central US,3510,Banks,2,,,,
,,,147,Commer Banks-Eastern US,3510,Banks,2,,,,
,,,149,Commer Banks-Southern US,3510,Banks,2,,,,
,,,150,Commer Banks-Western US,3510,Banks,2,,,,
,,,442,Cooperative Banks,3510,Banks,2,,,,
,,,695,Fiduciary Banks,3510,Banks,2,3516,Financial Services,2,
,,,145,Money Center Banks,3510,Banks,2,,,,
,,,443,Regional Banks-Non US,3510,Banks,2,,,,
,,,444,Special Purpose Banks,3510,Banks,2,5014,Government Development Banks,2,
,,,146,Super-Regional Banks-US,3510,Banks,2,,,,
,,,676,Mortgage Banks,3512,Consumer Finance,2,,,,
,,,712,Central Bank,5016,Central Bank,2,,,,
,20059,Savings&Loans,152,S&L/Thrifts-Central US,3510,Banks,2,,,,
,,,151,S&L/Thrifts-Eastern US,3510,Banks,2,,,,
,,,153,S&L/Thrifts-Southern US,3510,Banks,2,,,,
,,,154,S&L/Thrifts-Western US,3510,Banks,2,,,,
,,,440,Building Societies,3510,Banks,2,3512,Consumer Finance,,
,20054,Diversified Finan Serv,303,Invest Mgmnt/Advis Serv,3516,Financial Services,2,,,,
,,,659,Finance-Commercial,3511,Commercial Finance,2,,,,
,,,160,Finance-Leasing Compan,3511,Commercial Finance,2,,,,
,,,274,Finance-Auto Loans,3512,Consumer Finance,2,,,,
,,,157,Finance-Consumer Loans,3512,Consumer Finance,2,,,,
,,,158,Finance-Credit Card,3512,Consumer Finance,2,,,,
,,,161,Finance-Mtge Loan/Banker,3512,Consumer Finance,2,,,,
,,,162,Finance-Other Services,3516,Financial Services,2,,,,
,,,159,Finance-Invest Bnkr/Brkr,3516,Financial Services,2,,,,
,,,654,Derivatives,3516,Financial Services,2,,,,
,,,439,Special Purpose Entity,,,,,,,
,,,176,Diversified Finan Serv,,,,,,,
,20055,Insurance,165,Multi-line Insurance,3513,Life Insurance,2,3514,Property & Casualty Insurance,2,
,,,409,Mutual Insurance,3513,Life Insurance,2,3514,Property & Casualty Insurance,2,
,,,164,Life/Health Insurance,3513,Life Insurance,2,3615,Managed Care,2,
,,,166,Property/Casualty Ins,3514,Property & Casualty Insurance,2,,,,
,,,285,Financial Guarantee Ins,3514,Property & Casualty Insurance,2,,,,
,,,286,Reinsurance,3514,Property & Casualty Insurance,2,,,,
,,,163,Insurance Brokers,3514,Property & Casualty Insurance,2,,,,
,20058,Real Estate,646,Housing Authority,3515,Real Estate,2,,,,
,,,639,Property Trust,3515,Real Estate,2,,,,
,,,672,Real Estate Oper/Develop,3515,Real Estate,2,,,,
,,,673,Real Estate Mgmnt/Servic,3515,Real Estate,2,,,,
,20057,REITS,174,REITS-Mortgage,3512,Consumer Finance,2,,,,
,,,171,REITS-Health Care,3515,Real Estate,2,,,,
,,,670,REITS-Hotels,3515,Real Estate,2,,,,
,,,169,REITS-Apartments,3515,Real Estate,2,,,,
,,,173,REITS-Manufactured Homes,3515,Real Estate,2,,,,
,,,181,REITS-Warehouse/Industr,3515,Real Estate,2,,,,
,,,170,REITS-Diversified,3515,Real Estate,2,,,,
,,,175,REITS-Office Property,3515,Real Estate,2,,,,
,,,178,REITS-Regional Malls,3515,Real Estate,2,,,,
,,,179,REITS-Shopping Centers,3515,Real Estate,2,,,,
,,,177,REITS-Single Tenant,3515,Real Estate,2,,,,
,,,180,REITS-Storage,3515,Real Estate,2,,,,
,,,306,REITS-Whole Loans,3515,Real Estate,2,,,,
Industrial,20078,Aerospace/Defense,240,Aerospace/Defense,3711,Aerospace & Defense,2,,,,
,,,241,Aerospace/Defense-Equip,3711,Aerospace & Defense,2,,,,
,,,242,Electronics-Military,3711,Aerospace & Defense,2,,,,
,20080,Electrical Compo&Equip,411,Lighting Products&Sys,3718,Electrical Equipment Manufacturing,2,,,,
,,,412,Power Conv/Supply Equip,3718,Electrical Equipment Manufacturing,2,,,,
,,,413,Superconductor Prod&Sys,3718,Electrical Equipment Manufacturing,2,,,,
,,,191,Electric Products-Misc,3718,Electrical Equipment Manufacturing,2,,,,
,,,192,Wire&Cable Products,3718,Electrical Equipment Manufacturing,2,,,,
,,,410,Batteries/Battery Sys,3411,Renewable Energy,2,3313,Consumer Products,2,
,20081,Electronics,417,Electronic Secur Devices,3718,Electrical Equipment Manufacturing,2,,,,
,,,197,Instruments-Controls,3718,Electrical Equipment Manufacturing,2,,,,
,,,198,Instruments-Scientific,3718,Electrical Equipment Manufacturing,2,,,,
,,,194,Electronic Measur Instr,3718,Electrical Equipment Manufacturing,2,,,,
,,,195,Electronic Connectors,3718,Electrical Equipment Manufacturing,2,,,,
,,,199,Lasers-Syst/Components,3718,Electrical Equipment Manufacturing,2,,,,
,,,419,Industr Audio&Video Prod,3810,Hardware,2,,,,
,,,418,Identification Sys/Dev,3810,Hardware,2,,,,
,,,414,Capacitors,3810,Hardware,2,,,,
,,,415,Circuit Boards,3810,Hardware,2,,,,
,,,416,Circuits,3810,Hardware,2,,,,
,,,193,Electronic Compo-Misc,3810,Hardware,2,,,,
,,,196,Electronic Parts Distrib,3814,"Design, Manufacturing & Distribution",2,,,,
,20085,Machinery-Constr&Mining,210,Machinery-Electric Util,3718,Electrical Equipment Manufacturing,2,,,,
,,,209,Machinery-Constr&Mining,3714,Machinery Manufacturing,2,,,,
,20086,Machinery-Diversified,213,Machinery-Farm,3714,Machinery Manufacturing,2,,,,
,,,211,Engines-Internal Combust,3714,Machinery Manufacturing,2,,,,
,,,212,Industrial Automat/Robot,3714,Machinery Manufacturing,2,,,,
,,,357,Machinery-Pumps,3714,Machinery Manufacturing,2,,,,
,,,214,Machinery-General Indust,3714,Machinery Manufacturing,2,,,,
,,,216,Machinery-Print Trade,3714,Machinery Manufacturing,2,,,,
,,,217,Machinery-Therml Process,3714,Machinery Manufacturing,2,,,,
,,,215,Machinery-Material Handl,3714,Machinery Manufacturing,2,,,,
,20084,Hand/Machine Tools,207,Machinery-Electrical,3714,Machinery Manufacturing,2,,,,
,,,206,Mach Tools&Rel Products,3714,Machinery Manufacturing,2,,,,
,,,208,Tools-Hand Held,3218,Home Improvement,2,,,,
,20087,Metal Fabricate/Hardware,219,Metal Processors&Fabrica,3710,Manufactured Goods,2,,,,
,,,220,Metal Products-Fasteners,3710,Manufactured Goods,2,,,,
,,,218,Metal Products-Distrib,3716,Industrial Other,2,,,,
,,,221,Steel Pipe&Tube,3011,Metals & Mining,2,,,,
,20090,Shipbuilding,232,Shipbuilding,3712,Transportation & Logistics,2,,,,
,20079,Building Materials,186,Bldg Prod-Air&Heating,3718,Electrical Equipment Manufacturing,2,,,,
,,,189,Bldg Prod-Light Fixtures,3718,Electrical Equipment Manufacturing,2,,,,
,,,187,Bldg Prod-Cement/Aggreg,3012,Construction Materials Manufacturing,2,,,,
,,,190,Bldg Prod-Wood,3012,Construction Materials Manufacturing,2,,,,
,,,188,Bldg Prod-Doors&Windows,3218,Home Improvement,2,,,,
,,,185,Bldg&Construct Prod-Misc,3218,Home Improvement,2,,,,
,,,433,Ceramic Products,3218,Home Improvement,2,,,,
,20082,Engineering&Construction,203,Engineering/R&D Services,3716,Industrial Other,2,,,,
,,,201,Building-Heavy Construct,3716,Industrial Other,2,,,,
,,,200,Airport Develop/Maint,3716,Industrial Other,2,3712,Transportation & Logistics,2,
,,,202,Building&Construct-Misc,3716,Industrial Other,2,,,,
,20091,Transportation,233,Transport-Air Freight,3712,Transportation & Logistics,2,,,,
,,,237,Transport-Marine,3712,Transportation & Logistics,2,,,,
,,,235,Transport-Rail,3715,Railroad,2,,,,
,,,238,Transport-Truck,3712,Transportation & Logistics,2,,,,
,,,236,Transport-Services,3712,Transportation & Logistics,2,,,,
,20092,Trucking&Leasing,234,Transport-Equip&Leasng,3511,Commercial Finance,2,,,,
,,,239,Trucking&Leasing,3511,Commercial Finance,2,,,,
,20083,Environmental Control,351,Environ Consulting&Eng,3713,Waste & Environment Services & Equipment,2,,,,
,,,348,Air Pollution Control Eq,3713,Waste & Environment Services & Equipment,2,,,,
,,,352,Environ Monitoring&Det,3713,Waste & Environment Services & Equipment,2,,,,
,,,204,Pollution Control,3713,Waste & Environment Services & Equipment,2,,,,
,,,356,Water Treatment Systems,3713,Waste & Environment Services & Equipment,2,,,,
,,,353,Hazardous Waste Disposal,3713,Waste & Environment Services & Equipment,2,,,,
,,,354,Non-hazardous Waste Disp,3713,Waste & Environment Services & Equipment,2,,,,
,,,671,Alternative Waste Tech,3713,Waste & Environment Services & Equipment,2,,,,
,,,205,Recycling,3713,Waste & Environment Services & Equipment,2,,,,
,,,349,Asbestos Abatement,3713,Waste & Environment Services & Equipment,2,,,,
,,,355,Remediation Services,3713,Waste & Environment Services & Equipment,2,,,,
,20088,Miscellaneous Manufactur,223,Diversified Manufact Op,,,,,,,
,,,438,Firearms&Ammunition,3711,Aerospace & Defense,2,,,,
,,,697,Rubber/Plastic Products,3710,Manufactured Goods,2,,,,
,,,225,Filtration/Separat Prod,3713,Waste & Environment Services & Equipment,2,,,,
,,,643,Advanced Materials/Prd,3013,Chemicals,2,,,,
,,,224,Explosives,3013,Chemicals,2,,,,
,,,227,Photo Equipment&Supplies,3810,Hardware,2,,,,
,,,294,Miscellaneous Manufactur,,,,,,,
,20089,Packaging&Containers,229,Containers-Metal/Glass,3014,Containers & Packaging,2,,,,
,,,230,Containers-Paper/Plastic,3014,Containers & Packaging,2,,,,
Basic Materials,20010,Chemicals,698,Agricultural Chemicals,3013,Chemicals,2,,,,
,,,1,Chemicals-Diversified,3013,Chemicals,2,,,,
,,,340,Petrochemicals,3013,Chemicals,2,,,,
,,,662,Chemicals-Other,3013,Chemicals,2,,,,
,,,693,Industrial Gases,3013,Chemicals,2,,,,
,,,2,Chemicals-Fibers,3013,Chemicals,2,,,,
,,,3,Chemicals-Plastics,3013,Chemicals,2,,,,
,,,699,Rubber&Vinyl,3013,Chemicals,2,,,,
,,,4,Chemicals-Specialty,3013,Chemicals,2,,,,
,,,701,Coatings/Paint,3013,Chemicals,2,,,,
,20011,Forest Products&Paper,8,Forestry,3010,Forest & Paper Products Manufacturing,2,,,,
,,,9,Paper&Related Products,3010,Forest & Paper Products Manufacturing,2,,,,
,20012,Iron/Steel,10,Metal-Iron,3011,Metals & Mining,2,,,,
,,,11,Steel-Producers,3011,Metals & Mining,2,,,,
,,,12,Steel-Specialty,3011,Metals & Mining,2,,,,
,20013,Mining,16,Metal-Diversified,3011,Metals & Mining,2,,,,
,,,703,Non-Ferrous Metals,3011,Metals & Mining,2,,,,
,,,14,Metal-Aluminum,3011,Metals & Mining,2,,,,
,,,13,Metal-Copper,3011,Metals & Mining,2,,,,
,,,15,Precious Metals,3011,Metals & Mining,2,,,,
,,,301,Gold Mining,3011,Metals & Mining,2,,,,
,,,663,Platinum,3011,Metals & Mining,2,,,,
,,,291,Silver Mining,3011,Metals & Mining,2,,,,
,,,287,Diversified Minerals,3011,Metals & Mining,2,,,,
,,,276,Diamonds/Precious Stones,3011,Metals & Mining,2,,,,
,,,309,Mining Services,3011,Metals & Mining,2,,,,
,,,18,Quarrying,3012,Construction Materials Manufacturing,2,,,,
Technology,20107,Office/Business Equip,253,Office Automation&Equip,3810,Hardware,2,,,,
,20106,Computers,243,Computers-Integrated Sys,3810,Hardware,2,,,,
,,,668,Computers,3810,Hardware,2,,,,
,,,669,Computers-Other,3810,Hardware,2,,,,
,,,245,Computers-Memory Devices,3810,Hardware,2,,,,
,,,304,Computers-Voice Recogn,3810,Hardware,2,,,,
,,,250,Computers-Peripher Equip,3810,Hardware,2,,,,
,,,674,Optical Recognition Equi,3810,Hardware,2,,,,
,,,305,Virtual Reality Products,3812,Software & Services,2,,,,
,,,657,Electronic Design Automa,3812,Software & Services,2,,,,
,,,637,Computer Data Security,3812,Software & Services,2,,,,
,,,251,Computer Services,3812,Software & Services,2,,,,
,20108,Semiconductors,256,Electronic Compo-Semicon,3813,Semiconductors,2,,,,
,,,658,Semicon Compo-Intg Circu,3813,Semiconductors,2,,,,
,,,660,Semiconductor Equipment,3813,Semiconductors,2,,,,
,20109,Software,422,Applications Software,3812,Software & Services,2,,,,
,,,649,Electronic Forms,3812,Software & Services,2,,,,
,,,257,Computer Graphics,3812,Software & Services,2,,,,
,,,647,Computer Aided Design,3812,Software & Services,2,,,,
,,,644,Enterprise Software/Serv,3812,Software & Services,2,,,,
,,,424,Data Processing/Mgmt,3812,Software & Services,2,,,,
,,,651,Transactional Software,3812,Software & Services,2,,,,
,,,423,Communications Software,3812,Software & Services,2,,,,
,,,425,Educational Software,3812,Software & Services,2,,,,
,,,427,Medical Information Sys,3812,Software & Services,2,,,,
,,,426,Entertainment Software,3812,Software & Services,2,,,,
,,,648,Decision Support Softwar,3812,Software & Services,2,,,,
,,,650,Software Tools,3812,Software & Services,2,,,,
,,,258,Computer Software,3812,Software & Services,2,,,,
Utilities,20110,Electric,265,Electric-Integrated,3910,Utilities,2,,,,
,,,264,Electric-Generation,3911,Power Generation,2,,,,
,,,267,Independ Power Producer,3911,Power Generation,2,,,,
,,,266,Electric-Transmission,3910,Utilities,2,,,,
,,,263,Electric-Distribution,3910,Utilities,2,,,,
,20111,Gas,270,Gas-Transportation,3910,Utilities,2,,,,
,,,269,Gas-Distribution,3910,Utilities,2,,,,
,20112,Water,273,Water,3910,Utilities,2,,,,
